<beans xmlns="http://www.springframework.org/schema/beans"
       xmlns:xsi="http://www.w3.org/2001/XMLSchema-instance"
       xmlns:context="http://www.springframework.org/schema/context"
       xsi:schemaLocation="http://www.springframework.org/schema/beans
            http://www.springframework.org/schema/beans/spring-beans.xsd
            http://www.springframework.org/schema/context
            http://www.springframework.org/schema/context/spring-context-3.0.xsd">
            
	<bean id="myCar" class="springcore.constructorinjection.Car">  
		<constructor-arg name="id" value="1"></constructor-arg>
		<constructor-arg name="brand" value="Audi"></constructor-arg>
		<constructor-arg name="price" value="20000000.00"></constructor-arg>
    </bean>   
    
    <bean id="mymobile" class="springcore.dependencyinjectionwithconstructorinjection.Mobile">
    	<constructor-arg name="id" value="1"></constructor-arg>
    	<constructor-arg name="brand" value="Realme"></constructor-arg>
    	<constructor-arg name="model" value="8 pro"></constructor-arg>
    	<constructor-arg name="battery" ref="mybattery"></constructor-arg>
    </bean>
    
    <bean id="mybattery" class="springcore.dependencyinjectionwithconstructorinjection.Battery">
    	<constructor-arg name="id" value="1"></constructor-arg>
    	<constructor-arg name="mah" value="5000"></constructor-arg>
    </bean>   
    
    
    
    
                 
</beans>