<?xml version="1.0" encoding="UTF-8"?>
<beans xmlns="http://www.springframework.org/schema/beans"
       xmlns:xsi="http://www.w3.org/2001/XMLSchema-instance"
       xmlns:context="http://www.springframework.org/schema/context"
       xsi:schemaLocation="http://www.springframework.org/schema/beans
            http://www.springframework.org/schema/beans/spring-beans.xsd
            http://www.springframework.org/schema/context
            http://www.springframework.org/schema/context/spring-context-3.0.xsd">
            
	<bean id="myBike" class="springcore.setterinjection.Bike">  
		<property name="id" value="1"></property>
		<property name="brand" value="hero"></property>
		<property name="model" value="xl"></property>
		<property name="price" value="10000.50"></property>
    </bean>   
    
    <bean id="mycar" class="springcore.dependencyinjection.Car">  
		<property name="id" value="1"></property>
		<property name="brand" value="Audi"></property>
		<property name="price" value="10000.50"></property>
		<property name="engine" ref="myengine"></property>
    </bean>
    
     <bean id="myengine" class="springcore.dependencyinjection.Engine">  
		<property name="id" value="1"></property>
		<property name="cc" value="550"></property>
		<!-- <property name="price" value="10000.50"></property>
		<property name="engine" ref="myengine"></property> -->
    </bean>   
    
    
                 
</beans>